sample_id,source,verdict,consensus_score,response_action,top_shap_features,top_lime_features
5,zero_day_holdout,zero_day_candidate,0.0429,HUMAN_ANALYST_REVIEW,"['Feature_8', 'Feature_50', 'Feature_11']","['Feature_4', 'Feature_6', 'Feature_5']"
17,zero_day_holdout,zero_day_candidate,0.0,HUMAN_ANALYST_REVIEW,"['Feature_85', 'Feature_84', 'Feature_70']","['Feature_4', 'Feature_6', 'Feature_3']"
19,zero_day_holdout,zero_day_candidate,0.0,HUMAN_ANALYST_REVIEW,"['Feature_58', 'Feature_59', 'Feature_68']","['Feature_4', 'Feature_6', 'Feature_9']"
20,zero_day_holdout,zero_day_candidate,0.0,HUMAN_ANALYST_REVIEW,"['Feature_140', 'Feature_147', 'Feature_136']","['Feature_4', 'Feature_6', 'Feature_7']"
22,test_set,known_attack,0.4385,HUMAN_ANALYST_REVIEW,"['Feature_153', 'Feature_0', 'Feature_6']","['Feature_4', 'Feature_9', 'Feature_6']"
28,zero_day_holdout,zero_day_candidate,0.0,HUMAN_ANALYST_REVIEW,"['Feature_31', 'Feature_46', 'Feature_137']","['Feature_4', 'Feature_6', 'Feature_5']"
29,test_set,known_attack,0.48,HUMAN_ANALYST_REVIEW,"['Feature_43', 'Feature_42', 'Feature_75']","['Feature_4', 'Feature_0', 'Feature_1']"
33,test_set,known_attack,0.08,HUMAN_ANALYST_REVIEW,"['Feature_1', 'Feature_0', 'Feature_81']","['Feature_4', 'Feature_0', 'Feature_9']"
35,test_set,known_attack,0.0,HUMAN_ANALYST_REVIEW,"['Feature_125', 'Feature_124', 'Feature_151']","['Feature_4', 'Feature_0', 'Feature_3']"
45,zero_day_holdout,zero_day_candidate,0.0,HUMAN_ANALYST_REVIEW,"['Feature_154', 'Feature_125', 'Feature_124']","['Feature_4', 'Feature_6', 'Feature_3']"
50,test_set,known_attack,0.04,HUMAN_ANALYST_REVIEW,"['Feature_72', 'Feature_73', 'Feature_23']","['Feature_4', 'Feature_3', 'Feature_6']"
54,test_set,known_attack,0.0,HUMAN_ANALYST_REVIEW,"['Feature_51', 'Feature_137', 'Feature_143']","['Feature_4', 'Feature_5', 'Feature_6']"
58,test_set,known_attack,0.0,HUMAN_ANALYST_REVIEW,"['Feature_92', 'Feature_93', 'Feature_75']","['Feature_4', 'Feature_0', 'Feature_7']"
62,test_set,known_attack,0.08,HUMAN_ANALYST_REVIEW,"['Feature_93', 'Feature_92', 'Feature_154']","['Feature_4', 'Feature_0', 'Feature_3']"
65,test_set,known_attack,0.0,HUMAN_ANALYST_REVIEW,"['Feature_56', 'Feature_57', 'Feature_93']","['Feature_4', 'Feature_0', 'Feature_6']"
69,zero_day_holdout,zero_day_candidate,0.0462,HUMAN_ANALYST_REVIEW,"['Feature_7', 'Feature_6', 'Feature_51']","['Feature_4', 'Feature_6', 'Feature_5']"
70,test_set,known_attack,0.4857,HUMAN_ANALYST_REVIEW,"['Feature_155', 'Feature_154', 'Feature_6']","['Feature_4', 'Feature_6', 'Feature_9']"
72,test_set,known_attack,0.4923,HUMAN_ANALYST_REVIEW,"['Feature_4', 'Feature_5', 'Feature_27']","['Feature_4', 'Feature_5', 'Feature_2']"
75,test_set,known_attack,0.0,HUMAN_ANALYST_REVIEW,"['Feature_50', 'Feature_51', 'Feature_27']","['Feature_4', 'Feature_6', 'Feature_5']"
87,test_set,known_attack,0.0,HUMAN_ANALYST_REVIEW,"['Feature_40', 'Feature_41', 'Feature_43']","['Feature_4', 'Feature_9', 'Feature_7']"
